{"cameraMode":{"drawMode":0,"name":"Shaded","section":"Shading Mode"},"sceneLighting":true,"audioPlay":false,"sceneViewState":{"m_AlwaysRefresh":false,"showFog":true,"showSkybox":true,"showFlares":true,"showImageEffects":true,"showParticleSystems":true,"showVisualEffectGraphs":true,"m_FxEnabled":true},"in2DMode":false,"pivot":{"x":11.496160507202149,"y":-1.5838775634765626,"z":7.242796897888184},"rotation":{"x":-0.24066603183746339,"y":0.19290849566459657,"z":-0.048944808542728427,"w":-0.9500755667686462},"size":16.958812713623048,"orthographic":false}