{"cameraMode":{"drawMode":0,"name":"Shaded","section":"Shading Mode"},"sceneLighting":true,"audioPlay":false,"sceneViewState":{"m_AlwaysRefresh":false,"showFog":true,"showSkybox":true,"showFlares":true,"showImageEffects":true,"showParticleSystems":true,"showVisualEffectGraphs":true,"m_FxEnabled":true},"in2DMode":false,"pivot":{"x":34.589500427246097,"y":0.4317643642425537,"z":11.32030963897705},"rotation":{"x":0.08338100463151932,"y":0.5074543356895447,"z":-0.04796013608574867,"w":0.8565734624862671},"size":9.453696250915528,"orthographic":false}