{"cameraMode":{"drawMode":0,"name":"Shaded","section":"Shading Mode"},"sceneLighting":true,"audioPlay":false,"sceneViewState":{"m_AlwaysRefresh":false,"showFog":true,"showSkybox":true,"showFlares":true,"showImageEffects":true,"showParticleSystems":true,"showVisualEffectGraphs":true,"m_FxEnabled":true},"in2DMode":false,"pivot":{"x":-27.293720245361329,"y":3.096978187561035,"z":8.610093116760254},"rotation":{"x":-0.28314152359962466,"y":-0.021096497774124147,"z":0.0061484817415475849,"w":-0.958928108215332},"size":34.530189514160159,"orthographic":false}