{"cameraMode":{"drawMode":0,"name":"Shaded","section":"Shading Mode"},"sceneLighting":true,"audioPlay":false,"sceneViewState":{"m_AlwaysRefresh":false,"showFog":true,"showSkybox":true,"showFlares":true,"showImageEffects":true,"showParticleSystems":true,"showVisualEffectGraphs":true,"m_FxEnabled":true},"in2DMode":false,"pivot":{"x":-1.7233167886734009,"y":-1.0459375381469727,"z":1.4094398021697999},"rotation":{"x":-0.05725739151239395,"y":0.937934398651123,"z":-0.28583621978759768,"w":-0.18788281083106996},"size":4.887180805206299,"orthographic":false}