{"cameraMode":{"drawMode":0,"name":"Shaded","section":"Shading Mode"},"sceneLighting":true,"audioPlay":false,"sceneViewState":{"m_AlwaysRefresh":false,"showFog":true,"showSkybox":true,"showFlares":true,"showImageEffects":true,"showParticleSystems":true,"showVisualEffectGraphs":true,"m_FxEnabled":true},"in2DMode":false,"pivot":{"x":7.966048717498779,"y":-25.316308975219728,"z":26.499629974365236},"rotation":{"x":0.32300734519958498,"y":0.09148852527141571,"z":-0.03017488121986389,"w":0.9417305588722229},"size":40.02131652832031,"orthographic":false}