{"cameraMode":{"drawMode":0,"name":"Shaded","section":"Shading Mode"},"sceneLighting":true,"audioPlay":false,"sceneViewState":{"m_AlwaysRefresh":false,"showFog":true,"showSkybox":true,"showFlares":true,"showImageEffects":true,"showParticleSystems":true,"showVisualEffectGraphs":true,"m_FxEnabled":true},"in2DMode":false,"pivot":{"x":-47.10735321044922,"y":-39.88776779174805,"z":167.14866638183595},"rotation":{"x":0.11729544401168823,"y":-0.14307253062725068,"z":0.017077593132853509,"w":0.9825994968414307},"size":99.54368591308594,"orthographic":false}