{"cameraMode":{"drawMode":0,"name":"Shaded","section":"Shading Mode"},"sceneLighting":false,"audioPlay":false,"sceneViewState":{"m_AlwaysRefresh":false,"showFog":true,"showSkybox":false,"showFlares":true,"showImageEffects":true,"showParticleSystems":true,"showVisualEffectGraphs":true,"m_FxEnabled":true},"in2DMode":false,"pivot":{"x":0.0000017881393432617188,"y":1.488750696182251,"z":-0.16820132732391358},"rotation":{"x":0.030620502308011056,"y":-0.953742504119873,"z":0.10399168729782105,"w":0.2807358503341675},"size":2.3564789295196535,"orthographic":false}