{"cameraMode":{"drawMode":0,"name":"Shaded","section":"Shading Mode"},"sceneLighting":false,"audioPlay":false,"sceneViewState":{"m_AlwaysRefresh":false,"showFog":true,"showSkybox":false,"showFlares":true,"showImageEffects":true,"showParticleSystems":true,"showVisualEffectGraphs":true,"m_FxEnabled":true},"in2DMode":false,"pivot":{"x":1.5451583862304688,"y":2.9383511543273927,"z":-5.073272705078125},"rotation":{"x":0.047881923615932468,"y":-0.7934950590133667,"z":0.06226232647895813,"w":0.6038249135017395},"size":5.591015815734863,"orthographic":false}