{"cameraMode":{"drawMode":0,"name":"Shaded","section":"Shading Mode"},"sceneLighting":false,"audioPlay":false,"sceneViewState":{"m_AlwaysRefresh":false,"showFog":true,"showSkybox":false,"showFlares":true,"showImageEffects":true,"showParticleSystems":true,"showVisualEffectGraphs":true,"m_FxEnabled":true},"in2DMode":false,"pivot":{"x":-1.8269124031066895,"y":-0.07034992426633835,"z":0.01550745964050293},"rotation":{"x":0.008564808405935765,"y":0.6611550450325012,"z":0.00751092191785574,"w":-0.7502744793891907},"size":1.2124356031417847,"orthographic":false}