{"cameraMode":{"drawMode":0,"name":"Shaded","section":"Shading Mode"},"sceneLighting":false,"audioPlay":false,"sceneViewState":{"m_AlwaysRefresh":false,"showFog":true,"showSkybox":false,"showFlares":true,"showImageEffects":true,"showParticleSystems":true,"showVisualEffectGraphs":true,"m_FxEnabled":true},"in2DMode":false,"pivot":{"x":0.0000017881393432617188,"y":1.5567376613616944,"z":-0.002481698989868164},"rotation":{"x":-0.0524841770529747,"y":0.7623851299285889,"z":-0.06238432228565216,"w":-0.6420974731445313},"size":2.3826651573181154,"orthographic":false}