{"cameraMode":{"drawMode":0,"name":"Shaded","section":"Shading Mode"},"sceneLighting":false,"audioPlay":false,"sceneViewState":{"m_AlwaysRefresh":false,"showFog":true,"showSkybox":false,"showFlares":true,"showImageEffects":true,"showParticleSystems":true,"showVisualEffectGraphs":true,"m_FxEnabled":true},"in2DMode":false,"pivot":{"x":3.5858421325683595,"y":2.414979934692383,"z":0.07896071672439575},"rotation":{"x":-0.0524841770529747,"y":0.7623851299285889,"z":-0.06238432228565216,"w":-0.6420974731445313},"size":2.2276062965393068,"orthographic":false}