{"cameraMode":{"drawMode":0,"name":"Shaded","section":"Shading Mode"},"sceneLighting":false,"audioPlay":false,"sceneViewState":{"m_AlwaysRefresh":false,"showFog":true,"showSkybox":false,"showFlares":true,"showImageEffects":true,"showParticleSystems":true,"showVisualEffectGraphs":true,"m_FxEnabled":true},"in2DMode":false,"pivot":{"x":10.566577911376954,"y":2.9700000286102297,"z":1.2533397674560547},"rotation":{"x":-0.11382754892110825,"y":0.8373428583145142,"z":-0.19089540839195252,"w":-0.499622106552124},"size":1.1258326768875123,"orthographic":false}