{"cameraMode":{"drawMode":0,"name":"Shaded","section":"Shading Mode"},"sceneLighting":false,"audioPlay":false,"sceneViewState":{"m_AlwaysRefresh":false,"showFog":true,"showSkybox":false,"showFlares":true,"showImageEffects":true,"showParticleSystems":true,"showVisualEffectGraphs":true,"m_FxEnabled":true},"in2DMode":false,"pivot":{"x":-0.8864626884460449,"y":1.0202845335006714,"z":0.25815528631210329},"rotation":{"x":-0.0007513377931900322,"y":-1.0000301599502564,"z":0.018007587641477586,"w":-0.005851428490132093},"size":1.793294072151184,"orthographic":false}