{"cameraMode":{"drawMode":0,"name":"Shaded","section":"Shading Mode"},"sceneLighting":false,"audioPlay":false,"sceneViewState":{"m_AlwaysRefresh":false,"showFog":true,"showSkybox":false,"showFlares":true,"showImageEffects":true,"showParticleSystems":true,"showVisualEffectGraphs":true,"m_FxEnabled":true},"in2DMode":false,"pivot":{"x":-0.012648218311369419,"y":1.8051782846450806,"z":0.5272853374481201},"rotation":{"x":-0.00015377665113192052,"y":-0.994045615196228,"z":-0.11078836023807526,"w":-0.004407807253301144},"size":1.793294072151184,"orthographic":false}