{"cameraMode":{"drawMode":0,"name":"Shaded","section":"Shading Mode"},"sceneLighting":false,"audioPlay":false,"sceneViewState":{"m_AlwaysRefresh":false,"showFog":true,"showSkybox":false,"showFlares":true,"showImageEffects":true,"showParticleSystems":true,"showVisualEffectGraphs":true,"m_FxEnabled":true},"in2DMode":false,"pivot":{"x":-1.4116182327270508,"y":1.3000831604003907,"z":0.2914741039276123},"rotation":{"x":-0.00206437218002975,"y":-0.9977031946182251,"z":-0.020902231335639955,"w":0.0675712525844574},"size":1.793294072151184,"orthographic":false}