{"cameraMode":{"drawMode":0,"name":"Shaded","section":"Shading Mode"},"sceneLighting":false,"audioPlay":false,"sceneViewState":{"m_AlwaysRefresh":false,"showFog":true,"showSkybox":false,"showFlares":true,"showImageEffects":true,"showParticleSystems":true,"showVisualEffectGraphs":true,"m_FxEnabled":true},"in2DMode":false,"pivot":{"x":0.0000017881393432617188,"y":1.5095546245574952,"z":-0.12323504686355591},"rotation":{"x":0.03082805499434471,"y":-0.9682660698890686,"z":0.18985900282859803,"w":0.16090582311153413},"size":2.3235578536987306,"orthographic":false}