{"cameraMode":{"drawMode":0,"name":"Shaded","section":"Shading Mode"},"sceneLighting":false,"audioPlay":false,"sceneViewState":{"m_AlwaysRefresh":false,"showFog":true,"showSkybox":false,"showFlares":true,"showImageEffects":true,"showParticleSystems":true,"showVisualEffectGraphs":true,"m_FxEnabled":true},"in2DMode":false,"pivot":{"x":-3.207486867904663,"y":1.8213262557983399,"z":-1.069448471069336},"rotation":{"x":0.10511340945959091,"y":0.008364264853298664,"z":-0.0008833194151520729,"w":0.9944385290145874},"size":1.9800546169281006,"orthographic":false}